"Filename","LineNumber","Line"
"sidebar-toggle.js","5","function toggleSidebar() {"
"sidebar.php","9","function renderAdminSidebar($activePage = '') {"
"match-flow-helpers.php","16","function getSanitizedParam(string $key, string $default = ''): string"
"match-flow-helpers.php","32","function handleCsrfError(Exception $e, string $context): string"
"match-flow-helpers.php","63","function renderPlayerAssignmentForm(array $team, int $matchId, int $teamId, array $filteredPlayers, array $appearances, string $buttonLabel): string"
"score-components.php","19","function renderScoreDisplayHeader($match, $battingTeam, $bowlingTeam, $currentInnings, $firstInningsTotal) {"
"score-components.php","54","function renderPlayersCard($battingTeamPlayers, $bowlingTeamPlayers, $currentStrikerId, $currentNonStrikerId, $currentBowlerId) {"
"score-components.php","147","function renderCurrentOverSummary() {"
"score-components.php","182","function renderScoringControls($matchId = null, $currentInnings = null) {"
"score-components.php","227","function renderInfoPanel() {"
"score-data-loader.php","16","function loadScoreData(int $matchId): array {"
"score-data-loader.php","145","function getTeamPlayersForMatch(PDO $db, int $matchId, int $teamId): array {"
"score-data-loader.php","168","function getCurrentMatchState(PDO $db, int $matchId, int $currentInnings): array {"
"score-data-loader.php","299","function getDismissedPlayers(PDO $db, int $matchId, int $currentInnings): array {"
"score-data-loader.php","334","function getAvailableBatsmen("
"score-data-loader.php","368","function getPlayerStatsForJs(PDO $db, int $matchId): array {"
"score-modals.php","17","function renderScoreModals($battingTeamPlayers, $bowlingTeamPlayers, $availableBatsmen = []) {"
"score-api.js","7","let matchesApiUrl;"
"score-api.js","8","let eventsApiEndpoint;"
"score-api.js","13","function changeInningsAjax() {"
"score-api.js","64","function finalizeMatch(won) {"
"score-api.js","121","function fetchEvents() {"
"score-api.js","149","function loadMatchState() {"
"score-api.js","256","function updateRecentBalls(events) {"
"score-api.js","289","function checkInningsCompletion() {"
"score-api.js","328","function showStartInningsModal() {"
"score-api.js","338","function closeStartInningsModal() {"
"score-api.js","347","let offlineQueue = JSON.parse(localStorage.getItem('score_offline_queue') || '[]');"
"score-api.js","348","let isOnline = navigator.onLine;"
"score-api.js","366","function saveEvent(eventData) {"
"score-api.js","387","function queueEvent(eventData) {"
"score-api.js","399","function processOfflineQueue() {"
"score-api.js","433","function sendEventToServer(payload) {"
"score-api.js","452","function updateOfflineIndicator() {"
"score-events.js","7","let eventsApiUrl;"
"score-events.js","13","function recordRun(runs) {"
"score-events.js","29","function recordExtra(type) {"
"score-events.js","52","function recordBall(data) {"
"score-events.js","263","function addRecentBall(data) {"
"score-events.js","295","function undoLastBall() {"
"score-events.js","362","function confirmWicket() {"
"score-events.js","370","function swapBatsmen(event) {"
"score-events.js","411","function selectStriker(playerId, playerName) {"
"score-events.js","434","function selectNonStriker(playerId, playerName) {"
"score-events.js","457","function selectBowler(playerId, playerName) {"
"score-init.js","7","let matchData = {};"
"score-init.js","8","let matchViewUrl = '';"
"score-init.js","14","function initializeScoringPage(phpData) {"
"score-init.js","52","function setupModalEventListeners() {"
"score-init.js","78","function setupKeyboardShortcuts() {"
"score-init.js","135","function toggleSidebar() {"
"score-init.js","149","function closeSidebar() {"
"score-modals.js","10","function openPlayerSelect(playerType) {"
"score-modals.js","46","function showExtraRunsModal(extraType) {"
"score-modals.js","61","function closeExtraRunsModal() {"
"score-modals.js","68","function recordExtraWithRuns() {"
"score-modals.js","84","function showWicketModal() {"
"score-modals.js","100","function closeWicketModal() {"
"score-modals.js","108","function recordWicketType(dismissalType) {"
"score-modals.js","130","function showFielderModal() {"
"score-modals.js","137","function closeFielderModal() {"
"score-modals.js","144","function confirmFielder() {"
"score-modals.js","166","function showRunOutSelection() {"
"score-modals.js","174","function closeRunOutModal() {"
"score-modals.js","183","function recordRunOut(who) {"
"score-modals.js","198","function showNewBatsmanModal() {"
"score-modals.js","222","function closeNewBatsmanModal() {"
"score-modals.js","230","function confirmNewBatsman() {"
"score-modals.js","252","function updateNewBatsmanDropdown() {"
"score-modals.js","297","function showRetiredHurtModal() {"
"score-modals.js","314","function closeRetiredHurtModal() {"
"score-modals.js","321","function confirmRetiredHurt() {"
"score-modals.js","345","function showOverNotification() {"
"score-modals.js","385","function showNotification(title, message, type = 'info') {"
"score-state.js","10","let pendingWicketData = null;"
"score-state.js","17","function initializeState(phpData) {"
"score-ui-enhanced.js","10","const Toast = {"
"score-ui-enhanced.js","72","const style = document.createElement('style');"
"score-ui-enhanced.js","91","const LoadingOverlay = {"
"score-ui-enhanced.js","127","function setButtonLoading(button, loading = true) {"
"score-ui-enhanced.js","145","function enhanceRunButtons() {"
"score-ui-enhanced.js","186","const rippleStyle = document.createElement('style');"
"score-ui-enhanced.js","206","function animatePlayerCards() {"
"score-ui-enhanced.js","225","function enhanceModals() {"
"score-ui-enhanced.js","245","function closeModal(modal) {"
"score-ui-enhanced.js","258","const modalStyle = document.createElement('style');"
"score-ui-enhanced.js","286","function animateScoreUpdate(element, newValue) {"
"score-ui-enhanced.js","301","function updateLiveStats() {"
"score-ui-enhanced.js","351","function setupKeyboardShortcuts() {"
"score-ui-enhanced.js","390","const keyboardStyle = document.createElement('style');"
"score-ui.js","9","function updateStriker() {"
"score-ui.js","40","function updateNonStriker() {"
"score-ui.js","71","function updateBowler() {"
"score-ui.js","110","function updateBowlerSelectState() {"
"score-ui.js","123","function updateStrikerStats() {"
"score-ui.js","143","function updateNonStrikerStats() {"
"score-ui.js","163","function updateBowlerStats() {"
"score-ui.js","185","function updatePlayerStats() {"
"score-ui.js","194","function updateScoreDisplay() {"
"score-ui.js","225","function updateCurrentOver() {"
"score-ui.js","251","function swapStrike() {"
"score-ui.js","272","function filterBowlerDropdown(excludeBowlerId) {"
"score-ui.js","294","function enableScoringButtons() {"
"score-ui.js","305","function disableScoringButtons() {"
"score-ui.js","316","function updateQuickStats() {"
"score-ui.js","359","let partnershipRuns = 0;"
"score-ui.js","360","let partnershipBalls = 0;"
"score-ui.js","361","let lastWicketScore = 0;"
"score-ui.js","362","let lastWicketBalls = 0;"
"score-ui.js","364","function updatePartnership() {"
"score-ui.js","375","function resetPartnership() {"
"score-ui.js","387","function showOverNotification() {"
"score-ui.js","439","let currentOverBallsDisplay = [];"
"score-ui.js","441","function addBallToTracker(ballData) {"
"score-ui.js","484","function clearBallTracker() {"
"score-utils.js","14","function isInningsComplete(wickets, completedOvers, currentBalls, maxOvers) {"
"score-utils.js","41","function calculateOvers(balls) {"
"score-utils.js","53","function calculateRunRate(runs, balls) {"
"score-utils.js","63","function calculateTarget(firstInningsTotal) {"
"score-utils.js","74","function calculateRequiredRunRate(target, currentScore, remainingOvers) {"
"score-utils.js","88","function isLegalBall(type, extraType) {"
"score-utils.js","103","function shouldRotateStrike(runs, isNoBall) {"
"score-utils.js","112","function generateUUID() {"
"score-utils.js","124","function vibrateOnTap(duration = 15) {"
"score-utils.js","134","function setLoadingState(isLoading) {"
"score-utils.js","153","function showNotification(title, message, type = 'info') {"
"score-utils.js","183","const showToast = showNotification;"
"match-flow.js","14","function showTab(tabName, tabButton) {"
"scoring-engine.js","8","class ScoringEngine {"
"ActionLogger.php","8","class ActionLogger {"
"Commentary.php","8","class Commentary {"
"Container.php","13","class Container {"
"Database.php","8","class Database {"
"Event.php","8","class Event {"
"EventRepository.php","9","class EventRepository"
"JWT.php","8","class JWT {"
"MatchFlowService.php","15","class MatchFlowService"
"MatchModel.php","9","class MatchModel extends BaseModel {"
"MatchRepository.php","14","class MatchRepository"
"MatchService.php","15","class MatchService"
"MatchStateMachine.php","8","class MatchStateMachine {"
"MatchStatsService.php","9","class MatchStatsService {"
"Player.php","9","class Player extends BaseModel {"
"POTM.php","8","class POTM {"
"POTS.php","8","class POTS {"
"RateLimiter.php","8","class RateLimiter {"
"Series.php","9","class Series extends BaseModel {"
"StatsCalculator.php","9","class StatsCalculator {"
"Team.php","9","class Team extends BaseModel {"
"User.php","9","class User extends BaseModel {"
"config.php","15","function detectBasePath() {"
"csrf.php","11","function generateCsrfToken() {"
"csrf.php","25","function validateCsrfToken($token) {"
"csrf.php","40","function csrfInput() {"
"csrf.php","52","function requireCsrfToken($token = null) {"
"csrf.php","75","function requireCsrfTokenApi($token = null) {"
"error-handler.php","19","function handleApiError($error, $statusCode = 500, array $context = []) {"
"error-handler.php","86","function handleValidationError(array $errors, $statusCode = 400) {"
"error-handler.php","109","function withErrorHandling(callable $callback, array $context = []) {"
"error-handler.php","130","class UnauthorizedException extends Exception {}"
"error-handler.php","131","class NotFoundException extends Exception {}"
"error-handler.php","144","function safeQuery(PDO $db, string $sql, array $params = []): PDOStatement {"
"middleware.php","13","function getAuthenticatedUser() {"
"middleware.php","43","function requireAuth() {"
"middleware.php","59","function requireRole($requiredRole) {"
"middleware.php","92","function applyRateLimit($identifier, $endpoint, $method = 'GET') {"
"middleware.php","119","function getClientIdentifier($user = null) {"
"react-loader.php","14","function loadReactApp($appName, $entryFile = 'index.html') {"
"security-headers.php","13","function setCachePreventionHeaders() {"
"security-headers.php","25","function setSecurityHeaders() {"
"security-headers.php","96","function setCorsHeaders($allowedOrigins = [], $allowedMethods = ['GET', 'POST', 'PUT', 'DELETE', 'OPTIONS'], $allowedHeaders = ['Content-Type', 'Authorization']) {"
"session.php","40","function setSession($key, $value) {"
"session.php","51","function getSession($key, $default = null) {"
"session.php","61","function hasSession($key) {"
"session.php","70","function unsetSession($key) {"
"session.php","77","function destroySession() {"
"session.php","86","function isLoggedIn() {"
"session.php","95","function getUserId() {"
"session.php","104","function requireLogin() {"
"session.php","119","function requireScorer() {"
"utils.php","13","function getBasePath() {"
"utils.php","32","function getBaseUrl() {"
"utils.php","50","function publicUrl($path = '') {"
"utils.php","62","function adminUrl($path = '') {"
"utils.php","74","function assetUrl($path = '') {"
"utils.php","86","function apiUrl($endpoint = '') {"
"utils.php","109","function absoluteUrl($path = '') {"
"utils.php","121","function e($string) {"
"utils.php","130","function now() {"
"utils.php","141","function formatDate($date, $format = 'Y-m-d H:i:s') {"
"utils.php","154","function redirect($url, $code = 302) {"
"utils.php","165","function jsonResponse($data, $statusCode = 200) {"
"utils.php","182","function getMethod() {"
"utils.php","191","function getJsonBody() {"
"utils.php","209","function getQuery($key, $default = null) {"
"utils.php","220","function getPost($key, $default = null) {"
"utils.php","231","function getApiPath() {"
"utils.php","285","function getMatchBadgeClass($state) {"
"utils.php","304","function renderBadge($text, $state) {"
"utils.php","318","function renderEmptyState($icon, $title, $subtitle = '', $action = null) {"
"validation.php","16","function validateEmail($email, $fieldName = 'email') {"
"validation.php","37","function validateRequired($data, $required) {"
"validation.php","57","function sanitizeString($input) {"
"validation.php","73","function validateInt($value, $fieldName = 'value', $min = null, $max = null) {"
"validation.php","105","function validateEnum($value, $allowed, $fieldName = 'value') {"
"validation.php","126","function validateDate($date, $fieldName = 'date', $format = 'Y-m-d H:i:s') {"
"validation.php","148","function validateStringLength($value, $fieldName = 'value', $minLength = null, $maxLength = null) {"
"validation.php","175","function validateMultiple($data, $rules) {"
"validation.php","206","function validateAndSanitize($data, $rules) {"
"flow.js","1","function autoSelectPlayers(formId) {"
"flow.js","18","function filterPlayers(input) {"
"flow.js","33","function selectTossOption(teamId, decision, card) {"
"flow.js","55","function toggleCoinFlip() {"
"flow.js","68","function flipCoin() {"
"flow.js","108","function vibrateOnTap(duration = 10) {"
"flow.js","115","function showToast(message, type = 'success') {"
"flow.js","128","function setLoadingState(button, loading) {"
"flow.js","142","function clearAllPlayers(formId) {"
"flow.js","157","function saveDraft(formId) {"
"flow.js","170","function restoreDraft(formId) {"
"ApiAuthTest.php","10","class ApiAuthTest extends TestCase"
"DatabaseTest.php","10","class DatabaseTest extends TestCase"
"UserTest.php","10","class UserTest extends TestCase"
"service-worker.js","2","const CACHE_NAME = 'cricapp-v1';"
"service-worker.js","3","const urlsToCache = ["
"sw.js","6","const CACHE_NAME = 'cricapp-v1';"
"sw.js","7","const RUNTIME_CACHE = 'cricapp-runtime-v1';"
"sw.js","11","const BASE_PATH = self.location.pathname.replace('/sw.js', '') || '';"
"sw.js","14","function getPath(path) {"
"sw.js","25","const STATIC_ASSETS = ["
